{
  "dataset": "australian",
  "model_type": "Enhanced Neural Network",
  "accuracy": 0.8260869565217391,
  "precision": 0.8358665947665225,
  "recall": 0.8260869565217391,
  "f1": 0.8266359244620115,
  "auc": 0,
  "training_time": 0.7190372943878174,
  "saved_at": "2025-09-14 23:47:50"
}